IndicatorCode,Indicator,ValueType,ParentLocationCode,ParentLocation,Location type,SpatialDimValueCode,Location,Period type,Period,IsLatestYear,Dim1 type,Dim1,Dim1ValueCode,Dim2 type,Dim2,Dim2ValueCode,Dim3 type,Dim3,Dim3ValueCode,DataSourceDimValueCode,DataSource,FactValueNumericPrefix,FactValueNumeric,FactValueUoM,FactValueNumericLowPrefix,FactValueNumericLow,FactValueNumericHighPrefix,FactValueNumericHigh,Value,FactValueTranslationID,FactComments,Language,DateModified
MDG_0000000020,Incidence of tuberculosis (per 100 000 population per year),text,AMR,Americas,Country,GRD,Grenada,Year,2000,false,,,,,,,,,,,,,0,,,0,,0,0 [0 – 0],,,EN,2021-10-11T11:00:00.000Z
MDG_0000000020,Incidence of tuberculosis (per 100 000 population per year),text,EUR,Europe,Country,MCO,Monaco,Year,2000,false,,,,,,,,,,,,,0,,,0,,0,0 [0 – 0],,,EN,2021-10-11T11:00:00.000Z
MDG_0000000020,Incidence of tuberculosis (per 100 000 population per year),text,WPR,Western Pacific,Country,NIU,Niue,Year,2000,false,,,,,,,,,,,,,0,,,0,,0,0 [0 – 0],,,EN,2021-10-11T11:00:00.000Z
MDG_0000000020,Incidence of tuberculosis (per 100 000 population per year),text,AMR,Americas,Country,KNA,Saint Kitts and Nevis,Year,2000,false,,,,,,,,,,,,,0,,,0,,0,0 [0 – 0],,,EN,2021-10-11T11:00:00.000Z
MDG_0000000020,Incidence of tuberculosis (per 100 000 population per year),text,AMR,Americas,Country,BRB,Barbados,Year,2000,false,,,,,,,,,,,,,1.3,,,1.1,,1.5,1.3 [1.1 – 1.5],,,EN,2021-10-11T11:00:00.000Z
MDG_0000000020,Incidence of tuberculosis (per 100 000 population per year),text,WPR,Western Pacific,Country,NZL,New Zealand,Year,2000,false,,,,,,,,,,,,,10,,,8.8,,12,10 [8.8 – 12],,,EN,2021-10-11T11:00:00.000Z
MDG_0000000020,Incidence of tuberculosis (per 100 000 population per year),text,EUR,Europe,Country,ISR,Israel,Year,2000,false,,,,,,,,,,,,,10,,,8.9,,12,10 [8.9 – 12],,,EN,2021-10-11T11:00:00.000Z
MDG_0000000020,Incidence of tuberculosis (per 100 000 population per year),text,WPR,Western Pacific,Country,FSM,Micronesia (Federated States of),Year,2000,false,,,,,,,,,,,,,106,,,80,,136,106 [80 – 136],,,EN,2021-10-11T11:00:00.000Z
MDG_0000000020,Incidence of tuberculosis (per 100 000 population per year),text,WPR,Western Pacific,Country,BRN,Brunei Darussalam,Year,2000,false,,,,,,,,,,,,,106,,,91,,122,106 [91 – 122],,,EN,2021-10-11T11:00:00.000Z
MDG_0000000020,Incidence of tuberculosis (per 100 000 population per year),text,WPR,Western Pacific,Country,CHN,China,Year,2000,false,,,,,,,,,,,,,107,,,61,,167,107 [61 – 167],,,EN,2021-10-11T11:00:00.000Z
MDG_0000000020,Incidence of tuberculosis (per 100 000 population per year),text,WPR,Western Pacific,Country,VUT,Vanuatu,Year,2000,false,,,,,,,,,,,,,110,,,51,,191,110 [51 – 191],,,EN,2021-10-11T11:00:00.000Z
MDG_0000000020,Incidence of tuberculosis (per 100 000 population per year),text,EUR,Europe,Country,TKM,Turkmenistan,Year,2000,false,,,,,,,,,,,,,112,,,53,,192,112 [53 – 192],,,EN,2021-10-11T11:00:00.000Z
MDG_0000000020,Incidence of tuberculosis (per 100 000 population per year),text,EUR,Europe,Country,UKR,Ukraine,Year,2000,false,,,,,,,,,,,,,114,,,58,,190,114 [58 – 190],,,EN,2021-10-11T11:00:00.000Z
MDG_0000000020,Incidence of tuberculosis (per 100 000 population per year),text,EMR,Eastern Mediterranean,Country,MAR,Morocco,Year,2000,false,,,,,,,,,,,,,115,,,96,,137,115 [96 – 137],,,EN,2021-10-11T11:00:00.000Z
MDG_0000000020,Incidence of tuberculosis (per 100 000 population per year),text,EMR,Eastern Mediterranean,Country,YEM,Yemen,Year,2000,false,,,,,,,,,,,,,116,,,93,,142,116 [93 – 142],,,EN,2021-10-11T11:00:00.000Z
MDG_0000000020,Incidence of tuberculosis (per 100 000 population per year),text,AFR,Africa,Country,STP,Sao Tome and Principe,Year,2000,false,,,,,,,,,,,,,119,,,45,,230,119 [45 – 230],,,EN,2021-10-11T11:00:00.000Z
MDG_0000000020,Incidence of tuberculosis (per 100 000 population per year),text,EUR,Europe,Country,FIN,Finland,Year,2000,false,,,,,,,,,,,,,12,,,10,,13,12 [10 – 13],,,EN,2021-10-11T11:00:00.000Z
MDG_0000000020,Incidence of tuberculosis (per 100 000 population per year),text,EUR,Europe,Country,IRL,Ireland,Year,2000,false,,,,,,,,,,,,,12,,,10,,14,12 [10 – 14],,,EN,2021-10-11T11:00:00.000Z
MDG_0000000020,Incidence of tuberculosis (per 100 000 population per year),text,EUR,Europe,Country,GBR,United Kingdom of Great Britain and Northern Ireland,Year,2000,false,,,,,,,,,,,,,12,,,11,,13,12 [11 – 13],,,EN,2021-10-11T11:00:00.000Z
MDG_0000000020,Incidence of tuberculosis (per 100 000 population per year),text,AMR,Americas,Country,CUB,Cuba,Year,2000,false,,,,,,,,,,,,,12,,,9,,16,12 [9 – 16],,,EN,2021-10-11T11:00:00.000Z
MDG_0000000020,Incidence of tuberculosis (per 100 000 population per year),text,EUR,Europe,Country,LUX,Luxembourg,Year,2000,false,,,,,,,,,,,,,12,,,9.9,,13,12 [9.9 – 13],,,EN,2021-10-11T11:00:00.000Z
MDG_0000000020,Incidence of tuberculosis (per 100 000 population per year),text,AMR,Americas,Country,HND,Honduras,Year,2000,false,,,,,,,,,,,,,122,,,33,,267,122 [33 – 267],,,EN,2021-10-11T11:00:00.000Z
MDG_0000000020,Incidence of tuberculosis (per 100 000 population per year),text,EUR,Europe,Country,FRA,France,Year,2000,false,,,,,,,,,,,,,13,,,11,,14,13 [11 – 14],,,EN,2021-10-11T11:00:00.000Z
MDG_0000000020,Incidence of tuberculosis (per 100 000 population per year),text,EUR,Europe,Country,DNK,Denmark,Year,2000,false,,,,,,,,,,,,,13,,,11,,15,13 [11 – 15],,,EN,2021-10-11T11:00:00.000Z
MDG_0000000020,Incidence of tuberculosis (per 100 000 population per year),text,EUR,Europe,Country,DEU,Germany,Year,2000,false,,,,,,,,,,,,,13,,,11,,15,13 [11 – 15],,,EN,2021-10-11T11:00:00.000Z
MDG_0000000020,Incidence of tuberculosis (per 100 000 population per year),text,EUR,Europe,Country,BEL,Belgium,Year,2000,false,,,,,,,,,,,,,14,,,12,,17,14 [12 – 17],,,EN,2021-10-11T11:00:00.000Z
MDG_0000000020,Incidence of tuberculosis (per 100 000 population per year),text,EUR,Europe,Country,ROU,Romania,Year,2000,false,,,,,,,,,,,,,143,,,100,,193,143 [100 – 193],,,EN,2021-10-11T11:00:00.000Z
MDG_0000000020,Incidence of tuberculosis (per 100 000 population per year),text,EUR,Europe,Country,KGZ,Kyrgyzstan,Year,2000,false,,,,,,,,,,,,,145,,,118,,175,145 [118 – 175],,,EN,2021-10-11T11:00:00.000Z
MDG_0000000020,Incidence of tuberculosis (per 100 000 population per year),text,EMR,Eastern Mediterranean,Country,SDN,Sudan,Year,2000,false,,,,,,,,,,,,,148,,,28,,367,148 [28 – 367],,,EN,2021-10-11T11:00:00.000Z
MDG_0000000020,Incidence of tuberculosis (per 100 000 population per year),text,AFR,Africa,Country,TCD,Chad,Year,2000,false,,,,,,,,,,,,,151,,,95,,221,151 [95 – 221],,,EN,2021-10-11T11:00:00.000Z
MDG_0000000020,Incidence of tuberculosis (per 100 000 population per year),text,AFR,Africa,Country,SEN,Senegal,Year,2000,false,,,,,,,,,,,,,155,,,97,,226,155 [97 – 226],,,EN,2021-10-11T11:00:00.000Z
MDG_0000000020,Incidence of tuberculosis (per 100 000 population per year),text,EUR,Europe,Country,CZE,Czechia,Year,2000,false,,,,,,,,,,,,,16,,,14,,18,16 [14 – 18],,,EN,2021-10-11T11:00:00.000Z
MDG_0000000020,Incidence of tuberculosis (per 100 000 population per year),text,EMR,Eastern Mediterranean,Country,OMN,Oman,Year,2000,false,,,,,,,,,,,,,16,,,14,,19,16 [14 – 19],,,EN,2021-10-11T11:00:00.000Z
MDG_0000000020,Incidence of tuberculosis (per 100 000 population per year),text,AFR,Africa,Country,MUS,Mauritius,Year,2000,false,,,,,,,,,,,,,17,,,11,,23,17 [11 – 23],,,EN,2021-10-11T11:00:00.000Z
MDG_0000000020,Incidence of tuberculosis (per 100 000 population per year),text,EUR,Europe,Country,AUT,Austria,Year,2000,false,,,,,,,,,,,,,17,,,14,,20,17 [14 – 20],,,EN,2021-10-11T11:00:00.000Z
MDG_0000000020,Incidence of tuberculosis (per 100 000 population per year),text,EMR,Eastern Mediterranean,Country,LBN,Lebanon,Year,2000,false,,,,,,,,,,,,,17,,,14,,21,17 [14 – 21],,,EN,2021-10-11T11:00:00.000Z
MDG_0000000020,Incidence of tuberculosis (per 100 000 population per year),text,AMR,Americas,Country,VCT,Saint Vincent and the Grenadines,Year,2000,false,,,,,,,,,,,,,17,,,8.2,,29,17 [8.2 – 29],,,EN,2021-10-11T11:00:00.000Z
MDG_0000000020,Incidence of tuberculosis (per 100 000 population per year),text,EUR,Europe,Country,KAZ,Kazakhstan,Year,2000,false,,,,,,,,,,,,,171,,,47,,375,171 [47 – 375],,,EN,2021-10-11T11:00:00.000Z
MDG_0000000020,Incidence of tuberculosis (per 100 000 population per year),text,AFR,Africa,Country,ERI,Eritrea,Year,2000,false,,,,,,,,,,,,,177,,,87,,299,177 [87 – 299],,,EN,2021-10-11T11:00:00.000Z
MDG_0000000020,Incidence of tuberculosis (per 100 000 population per year),text,AMR,Americas,Country,CRI,Costa Rica,Year,2000,false,,,,,,,,,,,,,18,,,11,,28,18 [11 – 28],,,EN,2021-10-11T11:00:00.000Z
MDG_0000000020,Incidence of tuberculosis (per 100 000 population per year),text,AMR,Americas,Country,TTO,Trinidad and Tobago,Year,2000,false,,,,,,,,,,,,,18,,,15,,21,18 [15 – 21],,,EN,2021-10-11T11:00:00.000Z
MDG_0000000020,Incidence of tuberculosis (per 100 000 population per year),text,AMR,Americas,Country,PER,Peru,Year,2000,false,,,,,,,,,,,,,183,,,119,,259,183 [119 – 259],,,EN,2021-10-11T11:00:00.000Z
MDG_0000000020,Incidence of tuberculosis (per 100 000 population per year),text,AMR,Americas,Country,BOL,Bolivia (Plurinational State of),Year,2000,false,,,,,,,,,,,,,184,,,80,,331,184 [80 – 331],,,EN,2021-10-11T11:00:00.000Z
MDG_0000000020,Incidence of tuberculosis (per 100 000 population per year),text,AFR,Africa,Country,GMB,Gambia,Year,2000,false,,,,,,,,,,,,,187,,,125,,261,187 [125 – 261],,,EN,2021-10-11T11:00:00.000Z
MDG_0000000020,Incidence of tuberculosis (per 100 000 population per year),text,AFR,Africa,Country,GNQ,Equatorial Guinea,Year,2000,false,,,,,,,,,,,,,187,,,142,,238,187 [142 – 238],,,EN,2021-10-11T11:00:00.000Z
MDG_0000000020,Incidence of tuberculosis (per 100 000 population per year),text,EMR,Eastern Mediterranean,Country,SAU,Saudi Arabia,Year,2000,false,,,,,,,,,,,,,19,,,16,,22,19 [16 – 22],,,EN,2021-10-11T11:00:00.000Z
MDG_0000000020,Incidence of tuberculosis (per 100 000 population per year),text,EMR,Eastern Mediterranean,Country,AFG,Afghanistan,Year,2000,false,,,,,,,,,,,,,190,,,122,,271,190 [122 – 271],,,EN,2021-10-11T11:00:00.000Z
MDG_0000000020,Incidence of tuberculosis (per 100 000 population per year),text,AFR,Africa,Country,NER,Niger,Year,2000,false,,,,,,,,,,,,,191,,,61,,393,191 [61 – 393],,,EN,2021-10-11T11:00:00.000Z
MDG_0000000020,Incidence of tuberculosis (per 100 000 population per year),text,WPR,Western Pacific,Country,TUV,Tuvalu,Year,2000,false,,,,,,,,,,,,,196,,,177,,216,196 [177 – 216],,,EN,2021-10-11T11:00:00.000Z
MDG_0000000020,Incidence of tuberculosis (per 100 000 population per year),text,EUR,Europe,Country,AND,Andorra,Year,2000,false,,,,,,,,,,,,,21,,,18,,24,21 [18 – 24],,,EN,2021-10-11T11:00:00.000Z
MDG_0000000020,Incidence of tuberculosis (per 100 000 population per year),text,EUR,Europe,Country,SVN,Slovenia,Year,2000,false,,,,,,,,,,,,,21,,,18,,25,21 [18 – 25],,,EN,2021-10-11T11:00:00.000Z
MDG_0000000020,Incidence of tuberculosis (per 100 000 population per year),text,AFR,Africa,Country,GHA,Ghana,Year,2000,false,,,,,,,,,,,,,216,,,64,,459,216 [64 – 459],,,EN,2021-10-11T11:00:00.000Z
MDG_0000000020,Incidence of tuberculosis (per 100 000 population per year),text,EUR,Europe,Country,TJK,Tajikistan,Year,2000,false,,,,,,,,,,,,,219,,,101,,382,219 [101 – 382],,,EN,2021-10-11T11:00:00.000Z
MDG_0000000020,Incidence of tuberculosis (per 100 000 population per year),text,AFR,Africa,Country,NGA,Nigeria,Year,2000,false,,,,,,,,,,,,,219,,,143,,311,219 [143 – 311],,,EN,2021-10-11T11:00:00.000Z
MDG_0000000020,Incidence of tuberculosis (per 100 000 population per year),text,EUR,Europe,Country,SVK,Slovakia,Year,2000,false,,,,,,,,,,,,,22,,,18,,25,22 [18 – 25],,,EN,2021-10-11T11:00:00.000Z
MDG_0000000020,Incidence of tuberculosis (per 100 000 population per year),text,EUR,Europe,Country,ALB,Albania,Year,2000,false,,,,,,,,,,,,,22,,,18,,27,22 [18 – 27],,,EN,2021-10-11T11:00:00.000Z
MDG_0000000020,Incidence of tuberculosis (per 100 000 population per year),text,AMR,Americas,Country,URY,Uruguay,Year,2000,false,,,,,,,,,,,,,22,,,19,,26,22 [19 – 26],,,EN,2021-10-11T11:00:00.000Z
MDG_0000000020,Incidence of tuberculosis (per 100 000 population per year),text,WPR,Western Pacific,Country,FJI,Fiji,Year,2000,false,,,,,,,,,,,,,22,,,20,,24,22 [20 – 24],,,EN,2021-10-11T11:00:00.000Z
MDG_0000000020,Incidence of tuberculosis (per 100 000 population per year),text,SEAR,South-East Asia,Country,BGD,Bangladesh,Year,2000,false,,,,,,,,,,,,,221,,,161,,291,221 [161 – 291],,,EN,2021-10-11T11:00:00.000Z
MDG_0000000020,Incidence of tuberculosis (per 100 000 population per year),text,AFR,Africa,Country,GIN,Guinea,Year,2000,false,,,,,,,,,,,,,228,,,127,,358,228 [127 – 358],,,EN,2021-10-11T11:00:00.000Z
MDG_0000000020,Incidence of tuberculosis (per 100 000 population per year),text,EMR,Eastern Mediterranean,Country,IRN,Iran (Islamic Republic of),Year,2000,false,,,,,,,,,,,,,23,,,14,,34,23 [14 – 34],,,EN,2021-10-11T11:00:00.000Z
MDG_0000000020,Incidence of tuberculosis (per 100 000 population per year),text,AMR,Americas,Country,MEX,Mexico,Year,2000,false,,,,,,,,,,,,,23,,,18,,29,23 [18 – 29],,,EN,2021-10-11T11:00:00.000Z
MDG_0000000020,Incidence of tuberculosis (per 100 000 population per year),text,AMR,Americas,Country,CHL,Chile,Year,2000,false,,,,,,,,,,,,,23,,,19,,26,23 [19 – 26],,,EN,2021-10-11T11:00:00.000Z
MDG_0000000020,Incidence of tuberculosis (per 100 000 population per year),text,EUR,Europe,Country,ESP,Spain,Year,2000,false,,,,,,,,,,,,,23,,,19,,26,23 [19 – 26],,,EN,2021-10-11T11:00:00.000Z
MDG_0000000020,Incidence of tuberculosis (per 100 000 population per year),text,AMR,Americas,Country,SUR,Suriname,Year,2000,false,,,,,,,,,,,,,24,,,19,,29,24 [19 – 29],,,EN,2021-10-11T11:00:00.000Z
MDG_0000000020,Incidence of tuberculosis (per 100 000 population per year),text,AFR,Africa,Country,LBR,Liberia,Year,2000,false,,,,,,,,,,,,,240,,,173,,319,240 [173 – 319],,,EN,2021-10-11T11:00:00.000Z
MDG_0000000020,Incidence of tuberculosis (per 100 000 population per year),text,SEAR,South-East Asia,Country,BTN,Bhutan,Year,2000,false,,,,,,,,,,,,,241,,,161,,337,241 [161 – 337],,,EN,2021-10-11T11:00:00.000Z
MDG_0000000020,Incidence of tuberculosis (per 100 000 population per year),text,SEAR,South-East Asia,Country,THA,Thailand,Year,2000,false,,,,,,,,,,,,,241,,,78,,496,241 [78 – 496],,,EN,2021-10-11T11:00:00.000Z
MDG_0000000020,Incidence of tuberculosis (per 100 000 population per year),text,AFR,Africa,Country,MRT,Mauritania,Year,2000,false,,,,,,,,,,,,,250,,,55,,590,250 [55 – 590],,,EN,2021-10-11T11:00:00.000Z
MDG_0000000020,Incidence of tuberculosis (per 100 000 population per year),text,EUR,Europe,Country,GEO,Georgia,Year,2000,false,,,,,,,,,,,,,254,,,34,,691,254 [34 – 691],,,EN,2021-10-11T11:00:00.000Z
MDG_0000000020,Incidence of tuberculosis (per 100 000 population per year),text,EMR,Eastern Mediterranean,Country,EGY,Egypt,Year,2000,false,,,,,,,,,,,,,26,,,22,,30,26 [22 – 30],,,EN,2021-10-11T11:00:00.000Z
MDG_0000000020,Incidence of tuberculosis (per 100 000 population per year),text,EMR,Eastern Mediterranean,Country,TUN,Tunisia,Year,2000,false,,,,,,,,,,,,,26,,,22,,31,26 [22 – 31],,,EN,2021-10-11T11:00:00.000Z
MDG_0000000020,Incidence of tuberculosis (per 100 000 population per year),text,AMR,Americas,Country,HTI,Haiti,Year,2000,false,,,,,,,,,,,,,270,,,129,,462,270 [129 – 462],,,EN,2021-10-11T11:00:00.000Z
MDG_0000000020,Incidence of tuberculosis (per 100 000 population per year),text,EMR,Eastern Mediterranean,Country,PAK,Pakistan,Year,2000,false,,,,,,,,,,,,,275,,,174,,399,275 [174 – 399],,,EN,2021-10-11T11:00:00.000Z
MDG_0000000020,Incidence of tuberculosis (per 100 000 population per year),text,AFR,Africa,Country,UGA,Uganda,Year,2000,false,,,,,,,,,,,,,276,,,106,,527,276 [106 – 527],,,EN,2021-10-11T11:00:00.000Z
MDG_0000000020,Incidence of tuberculosis (per 100 000 population per year),text,WPR,Western Pacific,Country,TON,Tonga,Year,2000,false,,,,,,,,,,,,,28,,,18,,40,28 [18 – 40],,,EN,2021-10-11T11:00:00.000Z
MDG_0000000020,Incidence of tuberculosis (per 100 000 population per year),text,WPR,Western Pacific,Country,WSM,Samoa,Year,2000,false,,,,,,,,,,,,,28,,,18,,41,28 [18 – 41],,,EN,2021-10-11T11:00:00.000Z
MDG_0000000020,Incidence of tuberculosis (per 100 000 population per year),text,AFR,Africa,Country,SYC,Seychelles,Year,2000,false,,,,,,,,,,,,,28,,,24,,33,28 [24 – 33],,,EN,2021-10-11T11:00:00.000Z
MDG_0000000020,Incidence of tuberculosis (per 100 000 population per year),text,EMR,Eastern Mediterranean,Country,SOM,Somalia,Year,2000,false,,,,,,,,,,,,,285,,,175,,421,285 [175 – 421],,,EN,2021-10-11T11:00:00.000Z
MDG_0000000020,Incidence of tuberculosis (per 100 000 population per year),text,SEAR,South-East Asia,Country,IND,India,Year,2000,false,,,,,,,,,,,,,289,,,99,,578,289 [99 – 578],,,EN,2021-10-11T11:00:00.000Z
MDG_0000000020,Incidence of tuberculosis (per 100 000 population per year),text,EMR,Eastern Mediterranean,Country,KWT,Kuwait,Year,2000,false,,,,,,,,,,,,,29,,,25,,33,29 [25 – 33],,,EN,2021-10-11T11:00:00.000Z
MDG_0000000020,Incidence of tuberculosis (per 100 000 population per year),text,AFR,Africa,Country,BDI,Burundi,Year,2000,false,,,,,,,,,,,,,290,,,68,,671,290 [68 – 671],,,EN,2021-10-11T11:00:00.000Z
MDG_0000000020,Incidence of tuberculosis (per 100 000 population per year),text,AFR,Africa,Country,MDG,Madagascar,Year,2000,false,,,,,,,,,,,,,293,,,167,,454,293 [167 – 454],,,EN,2021-10-11T11:00:00.000Z
MDG_0000000020,Incidence of tuberculosis (per 100 000 population per year),text,WPR,Western Pacific,Country,VNM,Viet Nam,Year,2000,false,,,,,,,,,,,,,296,,,90,,624,296 [90 – 624],,,EN,2021-10-11T11:00:00.000Z
MDG_0000000020,Incidence of tuberculosis (per 100 000 population per year),text,AFR,Africa,Country,AGO,Angola,Year,2000,false,,,,,,,,,,,,,297,,,207,,404,297 [207 – 404],,,EN,2021-10-11T11:00:00.000Z
MDG_0000000020,Incidence of tuberculosis (per 100 000 population per year),text,AFR,Africa,Country,SLE,Sierra Leone,Year,2000,false,,,,,,,,,,,,,305,,,194,,441,305 [194 – 441],,,EN,2021-10-11T11:00:00.000Z
MDG_0000000020,Incidence of tuberculosis (per 100 000 population per year),text,AFR,Africa,Country,GNB,Guinea-Bissau,Year,2000,false,,,,,,,,,,,,,305,,,213,,414,305 [213 – 414],,,EN,2021-10-11T11:00:00.000Z
MDG_0000000020,Incidence of tuberculosis (per 100 000 population per year),text,AFR,Africa,Country,CMR,Cameroon,Year,2000,false,,,,,,,,,,,,,309,,,136,,550,309 [136 – 550],,,EN,2021-10-11T11:00:00.000Z
MDG_0000000020,Incidence of tuberculosis (per 100 000 population per year),text,AMR,Americas,Country,GTM,Guatemala,Year,2000,false,,,,,,,,,,,,,31,,,23,,41,31 [23 – 41],,,EN,2021-10-11T11:00:00.000Z
MDG_0000000020,Incidence of tuberculosis (per 100 000 population per year),text,AMR,Americas,Country,SLV,El Salvador,Year,2000,false,,,,,,,,,,,,,32,,,27,,36,32 [27 – 36],,,EN,2021-10-11T11:00:00.000Z
MDG_0000000020,Incidence of tuberculosis (per 100 000 population per year),text,AMR,Americas,Country,BHS,Bahamas,Year,2000,false,,,,,,,,,,,,,32,,,27,,37,32 [27 – 37],,,EN,2021-10-11T11:00:00.000Z
MDG_0000000020,Incidence of tuberculosis (per 100 000 population per year),text,AFR,Africa,Country,COD,Democratic Republic of the Congo,Year,2000,false,,,,,,,,,,,,,327,,,209,,471,327 [209 – 471],,,EN,2021-10-11T11:00:00.000Z
MDG_0000000020,Incidence of tuberculosis (per 100 000 population per year),text,EUR,Europe,Country,TUR,Turkey,Year,2000,false,,,,,,,,,,,,,33,,,23,,44,33 [23 – 44],,,EN,2021-10-11T11:00:00.000Z
MDG_0000000020,Incidence of tuberculosis (per 100 000 population per year),text,EUR,Europe,Country,POL,Poland,Year,2000,false,,,,,,,,,,,,,33,,,28,,38,33 [28 – 38],,,EN,2021-10-11T11:00:00.000Z
MDG_0000000020,Incidence of tuberculosis (per 100 000 population per year),text,AMR,Americas,Country,VEN,Venezuela (Bolivarian Republic of),Year,2000,false,,,,,,,,,,,,,33,,,28,,40,33 [28 – 40],,,EN,2021-10-11T11:00:00.000Z
MDG_0000000020,Incidence of tuberculosis (per 100 000 population per year),text,WPR,Western Pacific,Country,LAO,Lao People's Democratic Republic,Year,2000,false,,,,,,,,,,,,,330,,,115,,656,330 [115 – 656],,,EN,2021-10-11T11:00:00.000Z
MDG_0000000020,Incidence of tuberculosis (per 100 000 population per year),text,AFR,Africa,Country,MOZ,Mozambique,Year,2000,false,,,,,,,,,,,,,336,,,215,,484,336 [215 – 484],,,EN,2021-10-11T11:00:00.000Z
MDG_0000000020,Incidence of tuberculosis (per 100 000 population per year),text,EUR,Europe,Country,HUN,Hungary,Year,2000,false,,,,,,,,,,,,,35,,,30,,40,35 [30 – 40],,,EN,2021-10-11T11:00:00.000Z
MDG_0000000020,Incidence of tuberculosis (per 100 000 population per year),text,AFR,Africa,Country,COG,Congo,Year,2000,false,,,,,,,,,,,,,356,,,303,,414,356 [303 – 414],,,EN,2021-10-11T11:00:00.000Z
MDG_0000000020,Incidence of tuberculosis (per 100 000 population per year),text,WPR,Western Pacific,Country,JPN,Japan,Year,2000,false,,,,,,,,,,,,,36,,,30,,41,36 [30 – 41],,,EN,2021-10-11T11:00:00.000Z
MDG_0000000020,Incidence of tuberculosis (per 100 000 population per year),text,EMR,Eastern Mediterranean,Country,BHR,Bahrain,Year,2000,false,,,,,,,,,,,,,36,,,31,,41,36 [31 – 41],,,EN,2021-10-11T11:00:00.000Z
MDG_0000000020,Incidence of tuberculosis (per 100 000 population per year),text,AFR,Africa,Country,CIV,Côte d’Ivoire,Year,2000,false,,,,,,,,,,,,,367,,,88,,839,367 [88 – 839],,,EN,2021-10-11T11:00:00.000Z
MDG_0000000020,Incidence of tuberculosis (per 100 000 population per year),text,AMR,Americas,Country,COL,Colombia,Year,2000,false,,,,,,,,,,,,,37,,,28,,47,37 [28 – 47],,,EN,2021-10-11T11:00:00.000Z
MDG_0000000020,Incidence of tuberculosis (per 100 000 population per year),text,AMR,Americas,Country,ARG,Argentina,Year,2000,false,,,,,,,,,,,,,37,,,30,,44,37 [30 – 44],,,EN,2021-10-11T11:00:00.000Z
MDG_0000000020,Incidence of tuberculosis (per 100 000 population per year),text,SEAR,South-East Asia,Country,IDN,Indonesia,Year,2000,false,,,,,,,,,,,,,370,,,331,,411,370 [331 – 411],,,EN,2021-10-11T11:00:00.000Z
MDG_0000000020,Incidence of tuberculosis (per 100 000 population per year),text,WPR,Western Pacific,Country,KIR,Kiribati,Year,2000,false,,,,,,,,,,,,,373,,,298,,457,373 [298 – 457],,,EN,2021-10-11T11:00:00.000Z
MDG_0000000020,Incidence of tuberculosis (per 100 000 population per year),text,AFR,Africa,Country,MWI,Malawi,Year,2000,false,,,,,,,,,,,,,386,,,43,,1100,"386 [43 – 1,100]",,,EN,2021-10-11T11:00:00.000Z
MDG_0000000020,Incidence of tuberculosis (per 100 000 population per year),text,EUR,Europe,Country,MKD,The former Yugoslav Republic of Macedonia,Year,2000,false,,,,,,,,,,,,,39,,,14,,78,39 [14 – 78],,,EN,2021-10-11T11:00:00.000Z
MDG_0000000020,Incidence of tuberculosis (per 100 000 population per year),text,EMR,Eastern Mediterranean,Country,SYR,Syrian Arab Republic,Year,2000,false,,,,,,,,,,,,,39,,,22,,61,39 [22 – 61],,,EN,2021-10-11T11:00:00.000Z
MDG_0000000020,Incidence of tuberculosis (per 100 000 population per year),text,AFR,Africa,Country,COM,Comoros,Year,2000,false,,,,,,,,,,,,,39,,,24,,58,39 [24 – 58],,,EN,2021-10-11T11:00:00.000Z
MDG_0000000020,Incidence of tuberculosis (per 100 000 population per year),text,EUR,Europe,Country,CYP,Cyprus,Year,2000,false,,,,,,,,,,,,,4,,,3.4,,4.6,4 [3.4 – 4.6],,,EN,2021-10-11T11:00:00.000Z
MDG_0000000020,Incidence of tuberculosis (per 100 000 population per year),text,EUR,Europe,Country,SMR,San Marino,Year,2000,false,,,,,,,,,,,,,4.2,,,3.6,,4.8,4.2 [3.6 – 4.8],,,EN,2021-10-11T11:00:00.000Z
MDG_0000000020,Incidence of tuberculosis (per 100 000 population per year),text,EMR,Eastern Mediterranean,Country,ARE,United Arab Emirates,Year,2000,false,,,,,,,,,,,,,4.2,,,3.6,,4.9,4.2 [3.6 – 4.9],,,EN,2021-10-11T11:00:00.000Z
MDG_0000000020,Incidence of tuberculosis (per 100 000 population per year),text,AMR,Americas,Country,DMA,Dominica,Year,2000,false,,,,,,,,,,,,,4.5,,,4.3,,4.7,4.5 [4.3 – 4.7],,,EN,2021-10-11T11:00:00.000Z
MDG_0000000020,Incidence of tuberculosis (per 100 000 population per year),text,EUR,Europe,Country,MLT,Malta,Year,2000,false,,,,,,,,,,,,,4.7,,,4,,5.4,4.7 [4 – 5.4],,,EN,2021-10-11T11:00:00.000Z
MDG_0000000020,Incidence of tuberculosis (per 100 000 population per year),text,EMR,Eastern Mediterranean,Country,LBY,Libya,Year,2000,false,,,,,,,,,,,,,40,,,30,,51,40 [30 – 51],,,EN,2021-10-11T11:00:00.000Z
MDG_0000000020,Incidence of tuberculosis (per 100 000 population per year),text,SEAR,South-East Asia,Country,NPL,Nepal,Year,2000,false,,,,,,,,,,,,,417,,,235,,652,417 [235 – 652],,,EN,2021-10-11T11:00:00.000Z
MDG_0000000020,Incidence of tuberculosis (per 100 000 population per year),text,EUR,Europe,Country,HRV,Croatia,Year,2000,false,,,,,,,,,,,,,42,,,36,,49,42 [36 – 49],,,EN,2021-10-11T11:00:00.000Z
MDG_0000000020,Incidence of tuberculosis (per 100 000 population per year),text,AMR,Americas,Country,PRY,Paraguay,Year,2000,false,,,,,,,,,,,,,42,,,37,,48,42 [37 – 48],,,EN,2021-10-11T11:00:00.000Z
MDG_0000000020,Incidence of tuberculosis (per 100 000 population per year),text,AFR,Africa,Country,ETH,Ethiopia,Year,2000,false,,,,,,,,,,,,,421,,,78,,1050,"421 [78 – 1,050]",,,EN,2021-10-11T11:00:00.000Z
MDG_0000000020,Incidence of tuberculosis (per 100 000 population per year),text,WPR,Western Pacific,Country,MNG,Mongolia,Year,2000,false,,,,,,,,,,,,,428,,,220,,703,428 [220 – 703],,,EN,2021-10-11T11:00:00.000Z
MDG_0000000020,Incidence of tuberculosis (per 100 000 population per year),text,WPR,Western Pacific,Country,PNG,Papua New Guinea,Year,2000,false,,,,,,,,,,,,,432,,,280,,617,432 [280 – 617],,,EN,2021-10-11T11:00:00.000Z
MDG_0000000020,Incidence of tuberculosis (per 100 000 population per year),text,WPR,Western Pacific,Country,NRU,Nauru,Year,2000,false,,,,,,,,,,,,,45,,,38,,51,45 [38 – 51],,,EN,2021-10-11T11:00:00.000Z
MDG_0000000020,Incidence of tuberculosis (per 100 000 population per year),text,AFR,Africa,Country,KEN,Kenya,Year,2000,false,,,,,,,,,,,,,451,,,182,,839,451 [182 – 839],,,EN,2021-10-11T11:00:00.000Z
MDG_0000000020,Incidence of tuberculosis (per 100 000 population per year),text,EUR,Europe,Country,PRT,Portugal,Year,2000,false,,,,,,,,,,,,,47,,,40,,55,47 [40 – 55],,,EN,2021-10-11T11:00:00.000Z
MDG_0000000020,Incidence of tuberculosis (per 100 000 population per year),text,AMR,Americas,Country,PAN,Panama,Year,2000,false,,,,,,,,,,,,,48,,,34,,65,48 [34 – 65],,,EN,2021-10-11T11:00:00.000Z
MDG_0000000020,Incidence of tuberculosis (per 100 000 population per year),text,AMR,Americas,Country,BLZ,Belize,Year,2000,false,,,,,,,,,,,,,49,,,37,,64,49 [37 – 64],,,EN,2021-10-11T11:00:00.000Z
MDG_0000000020,Incidence of tuberculosis (per 100 000 population per year),text,WPR,Western Pacific,Country,SGP,Singapore,Year,2000,false,,,,,,,,,,,,,49,,,42,,57,49 [42 – 57],,,EN,2021-10-11T11:00:00.000Z
MDG_0000000020,Incidence of tuberculosis (per 100 000 population per year),text,WPR,Western Pacific,Country,KOR,Republic of Korea,Year,2000,false,,,,,,,,,,,,,49,,,46,,53,49 [46 – 53],,,EN,2021-10-11T11:00:00.000Z
MDG_0000000020,Incidence of tuberculosis (per 100 000 population per year),text,EUR,Europe,Country,ISL,Iceland,Year,2000,false,,,,,,,,,,,,,5.3,,,4.6,,6.2,5.3 [4.6 – 6.2],,,EN,2021-10-11T11:00:00.000Z
MDG_0000000020,Incidence of tuberculosis (per 100 000 population per year),text,EUR,Europe,Country,SWE,Sweden,Year,2000,false,,,,,,,,,,,,,5.4,,,4.6,,6.2,5.4 [4.6 – 6.2],,,EN,2021-10-11T11:00:00.000Z
MDG_0000000020,Incidence of tuberculosis (per 100 000 population per year),text,EUR,Europe,Country,NOR,Norway,Year,2000,false,,,,,,,,,,,,,5.6,,,4.8,,6.5,5.6 [4.8 – 6.5],,,EN,2021-10-11T11:00:00.000Z
MDG_0000000020,Incidence of tuberculosis (per 100 000 population per year),text,EMR,Eastern Mediterranean,Country,IRQ,Iraq,Year,2000,false,,,,,,,,,,,,,50,,,40,,62,50 [40 – 62],,,EN,2021-10-11T11:00:00.000Z
MDG_0000000020,Incidence of tuberculosis (per 100 000 population per year),text,AFR,Africa,Country,TZA,United Republic of Tanzania,Year,2000,false,,,,,,,,,,,,,503,,,95,,1240,"503 [95 – 1,240]",,,EN,2021-10-11T11:00:00.000Z
MDG_0000000020,Incidence of tuberculosis (per 100 000 population per year),text,AMR,Americas,Country,BRA,Brazil,Year,2000,false,,,,,,,,,,,,,51,,,43,,60,51 [43 – 60],,,EN,2021-10-11T11:00:00.000Z
MDG_0000000020,Incidence of tuberculosis (per 100 000 population per year),text,SEAR,South-East Asia,Country,PRK,Democratic People's Republic of Korea,Year,2000,false,,,,,,,,,,,,,513,,,446,,584,513 [446 – 584],,,EN,2021-10-11T11:00:00.000Z
MDG_0000000020,Incidence of tuberculosis (per 100 000 population per year),text,AFR,Africa,Country,GAB,Gabon,Year,2000,false,,,,,,,,,,,,,515,,,335,,733,515 [335 – 733],,,EN,2021-10-11T11:00:00.000Z
MDG_0000000020,Incidence of tuberculosis (per 100 000 population per year),text,EUR,Europe,Country,BGR,Bulgaria,Year,2000,false,,,,,,,,,,,,,52,,,24,,91,52 [24 – 91],,,EN,2021-10-11T11:00:00.000Z
MDG_0000000020,Incidence of tuberculosis (per 100 000 population per year),text,AFR,Africa,Country,TGO,Togo,Year,2000,false,,,,,,,,,,,,,52,,,27,,83,52 [27 – 83],,,EN,2021-10-11T11:00:00.000Z
MDG_0000000020,Incidence of tuberculosis (per 100 000 population per year),text,EUR,Europe,Country,ARM,Armenia,Year,2000,false,,,,,,,,,,,,,54,,,30,,86,54 [30 – 86],,,EN,2021-10-11T11:00:00.000Z
MDG_0000000020,Incidence of tuberculosis (per 100 000 population per year),text,EMR,Eastern Mediterranean,Country,QAT,Qatar,Year,2000,false,,,,,,,,,,,,,54,,,46,,63,54 [46 – 63],,,EN,2021-10-11T11:00:00.000Z
MDG_0000000020,Incidence of tuberculosis (per 100 000 population per year),text,AFR,Africa,Country,CAF,Central African Republic,Year,2000,false,,,,,,,,,,,,,540,,,349,,771,540 [349 – 771],,,EN,2021-10-11T11:00:00.000Z
MDG_0000000020,Incidence of tuberculosis (per 100 000 population per year),text,SEAR,South-East Asia,Country,MMR,Myanmar,Year,2000,false,,,,,,,,,,,,,555,,,194,,1100,"555 [194 – 1,100]",,,EN,2021-10-11T11:00:00.000Z
MDG_0000000020,Incidence of tuberculosis (per 100 000 population per year),text,WPR,Western Pacific,Country,KHM,Cambodia,Year,2000,false,,,,,,,,,,,,,579,,,215,,1120,"579 [215 – 1,120]",,,EN,2021-10-11T11:00:00.000Z
MDG_0000000020,Incidence of tuberculosis (per 100 000 population per year),text,SEAR,South-East Asia,Country,MDV,Maldives,Year,2000,false,,,,,,,,,,,,,59,,,38,,85,59 [38 – 85],,,EN,2021-10-11T11:00:00.000Z
MDG_0000000020,Incidence of tuberculosis (per 100 000 population per year),text,AMR,Americas,Country,NIC,Nicaragua,Year,2000,false,,,,,,,,,,,,,59,,,41,,81,59 [41 – 81],,,EN,2021-10-11T11:00:00.000Z
MDG_0000000020,Incidence of tuberculosis (per 100 000 population per year),text,WPR,Western Pacific,Country,PHL,Philippines,Year,2000,false,,,,,,,,,,,,,590,,,307,,964,590 [307 – 964],,,EN,2021-10-11T11:00:00.000Z
MDG_0000000020,Incidence of tuberculosis (per 100 000 population per year),text,AMR,Americas,Country,JAM,Jamaica,Year,2000,false,,,,,,,,,,,,,6,,,3.5,,9.1,6 [3.5 – 9.1],,,EN,2021-10-11T11:00:00.000Z
MDG_0000000020,Incidence of tuberculosis (per 100 000 population per year),text,AMR,Americas,Country,ATG,Antigua and Barbuda,Year,2000,false,,,,,,,,,,,,,6.1,,,5.2,,7,6.1 [5.2 – 7],,,EN,2021-10-11T11:00:00.000Z
MDG_0000000020,Incidence of tuberculosis (per 100 000 population per year),text,WPR,Western Pacific,Country,AUS,Australia,Year,2000,false,,,,,,,,,,,,,6.3,,,5.4,,7.3,6.3 [5.4 – 7.3],,,EN,2021-10-11T11:00:00.000Z
MDG_0000000020,Incidence of tuberculosis (per 100 000 population per year),text,WPR,Western Pacific,Country,COK,Cook Islands,Year,2000,false,,,,,,,,,,,,,6.4,,,6,,6.9,6.4 [6 – 6.9],,,EN,2021-10-11T11:00:00.000Z
MDG_0000000020,Incidence of tuberculosis (per 100 000 population per year),text,AMR,Americas,Country,CAN,Canada,Year,2000,false,,,,,,,,,,,,,6.5,,,5.5,,7.5,6.5 [5.5 – 7.5],,,EN,2021-10-11T11:00:00.000Z
MDG_0000000020,Incidence of tuberculosis (per 100 000 population per year),text,AMR,Americas,Country,LCA,Saint Lucia,Year,2000,false,,,,,,,,,,,,,6.6,,,5,,8.4,6.6 [5 – 8.4],,,EN,2021-10-11T11:00:00.000Z
MDG_0000000020,Incidence of tuberculosis (per 100 000 population per year),text,AMR,Americas,Country,USA,United States of America,Year,2000,false,,,,,,,,,,,,,6.7,,,5.7,,7.7,6.7 [5.7 – 7.7],,,EN,2021-10-11T11:00:00.000Z
MDG_0000000020,Incidence of tuberculosis (per 100 000 population per year),text,AFR,Africa,Country,ZWE,Zimbabwe,Year,2000,false,,,,,,,,,,,,,605,,,166,,1320,"605 [166 – 1,320]",,,EN,2021-10-11T11:00:00.000Z
MDG_0000000020,Incidence of tuberculosis (per 100 000 population per year),text,WPR,Western Pacific,Country,PLW,Palau,Year,2000,false,,,,,,,,,,,,,64,,,55,,74,64 [55 – 74],,,EN,2021-10-11T11:00:00.000Z
MDG_0000000020,Incidence of tuberculosis (per 100 000 population per year),text,EUR,Europe,Country,EST,Estonia,Year,2000,false,,,,,,,,,,,,,65,,,56,,75,65 [56 – 75],,,EN,2021-10-11T11:00:00.000Z
MDG_0000000020,Incidence of tuberculosis (per 100 000 population per year),text,SEAR,South-East Asia,Country,LKA,Sri Lanka,Year,2000,false,,,,,,,,,,,,,66,,,46,,90,66 [46 – 90],,,EN,2021-10-11T11:00:00.000Z
MDG_0000000020,Incidence of tuberculosis (per 100 000 population per year),text,AMR,Americas,Country,ECU,Ecuador,Year,2000,false,,,,,,,,,,,,,68,,,45,,96,68 [45 – 96],,,EN,2021-10-11T11:00:00.000Z
MDG_0000000020,Incidence of tuberculosis (per 100 000 population per year),text,EMR,Eastern Mediterranean,Country,DJI,Djibouti,Year,2000,false,,,,,,,,,,,,,692,,,279,,1290,"692 [279 – 1,290]",,,EN,2021-10-11T11:00:00.000Z
MDG_0000000020,Incidence of tuberculosis (per 100 000 population per year),text,EUR,Europe,Country,ITA,Italy,Year,2000,false,,,,,,,,,,,,,7.1,,,6.1,,8.2,7.1 [6.1 – 8.2],,,EN,2021-10-11T11:00:00.000Z
MDG_0000000020,Incidence of tuberculosis (per 100 000 population per year),text,EUR,Europe,Country,GRC,Greece,Year,2000,false,,,,,,,,,,,,,7.3,,,6.2,,8.4,7.3 [6.2 – 8.4],,,EN,2021-10-11T11:00:00.000Z
MDG_0000000020,Incidence of tuberculosis (per 100 000 population per year),text,EMR,Eastern Mediterranean,Country,JOR,Jordan,Year,2000,false,,,,,,,,,,,,,7.5,,,5.2,,10,7.5 [5.2 – 10],,,EN,2021-10-11T11:00:00.000Z
MDG_0000000020,Incidence of tuberculosis (per 100 000 population per year),text,AFR,Africa,Country,BFA,Burkina Faso,Year,2000,false,,,,,,,,,,,,,70,,,35,,117,70 [35 – 117],,,EN,2021-10-11T11:00:00.000Z
MDG_0000000020,Incidence of tuberculosis (per 100 000 population per year),text,AMR,Americas,Country,GUY,Guyana,Year,2000,false,,,,,,,,,,,,,71,,,56,,87,71 [56 – 87],,,EN,2021-10-11T11:00:00.000Z
MDG_0000000020,Incidence of tuberculosis (per 100 000 population per year),text,AFR,Africa,Country,DZA,Algeria,Year,2000,false,,,,,,,,,,,,,75,,,54,,100,75 [54 – 100],,,EN,2021-10-11T11:00:00.000Z
MDG_0000000020,Incidence of tuberculosis (per 100 000 population per year),text,WPR,Western Pacific,Country,MYS,Malaysia,Year,2000,false,,,,,,,,,,,,,75,,,66,,84,75 [66 – 84],,,EN,2021-10-11T11:00:00.000Z
MDG_0000000020,Incidence of tuberculosis (per 100 000 population per year),text,AFR,Africa,Country,ZMB,Zambia,Year,2000,false,,,,,,,,,,,,,759,,,238,,1570,"759 [238 – 1,570]",,,EN,2021-10-11T11:00:00.000Z
MDG_0000000020,Incidence of tuberculosis (per 100 000 population per year),text,AFR,Africa,Country,ZAF,South Africa,Year,2000,false,,,,,,,,,,,,,762,,,416,,1210,"762 [416 – 1,210]",,,EN,2021-10-11T11:00:00.000Z
MDG_0000000020,Incidence of tuberculosis (per 100 000 population per year),text,AFR,Africa,Country,MLI,Mali,Year,2000,false,,,,,,,,,,,,,77,,,39,,128,77 [39 – 128],,,EN,2021-10-11T11:00:00.000Z
MDG_0000000020,Incidence of tuberculosis (per 100 000 population per year),text,AMR,Americas,Country,DOM,Dominican Republic,Year,2000,false,,,,,,,,,,,,,78,,,46,,119,78 [46 – 119],,,EN,2021-10-11T11:00:00.000Z
MDG_0000000020,Incidence of tuberculosis (per 100 000 population per year),text,EUR,Europe,Country,AZE,Azerbaijan,Year,2000,false,,,,,,,,,,,,,80,,,56,,108,80 [56 – 108],,,EN,2021-10-11T11:00:00.000Z
MDG_0000000020,Incidence of tuberculosis (per 100 000 population per year),text,EUR,Europe,Country,MDA,Republic of Moldova,Year,2000,false,,,,,,,,,,,,,80,,,69,,93,80 [69 – 93],,,EN,2021-10-11T11:00:00.000Z
MDG_0000000020,Incidence of tuberculosis (per 100 000 population per year),text,AFR,Africa,Country,CPV,Cabo Verde,Year,2000,false,,,,,,,,,,,,,82,,,50,,121,82 [50 – 121],,,EN,2021-10-11T11:00:00.000Z
MDG_0000000020,Incidence of tuberculosis (per 100 000 population per year),text,AFR,Africa,Country,LSO,Lesotho,Year,2000,false,,,,,,,,,,,,,827,,,443,,1330,"827 [443 – 1,330]",,,EN,2021-10-11T11:00:00.000Z
MDG_0000000020,Incidence of tuberculosis (per 100 000 population per year),text,EUR,Europe,Country,BIH,Bosnia and Herzegovina,Year,2000,false,,,,,,,,,,,,,83,,,32,,156,83 [32 – 156],,,EN,2021-10-11T11:00:00.000Z
MDG_0000000020,Incidence of tuberculosis (per 100 000 population per year),text,WPR,Western Pacific,Country,MHL,Marshall Islands,Year,2000,false,,,,,,,,,,,,,84,,,80,,87,84 [80 – 87],,,EN,2021-10-11T11:00:00.000Z
MDG_0000000020,Incidence of tuberculosis (per 100 000 population per year),text,EUR,Europe,Country,BLR,Belarus,Year,2000,false,,,,,,,,,,,,,86,,,35,,160,86 [35 – 160],,,EN,2021-10-11T11:00:00.000Z
MDG_0000000020,Incidence of tuberculosis (per 100 000 population per year),text,AFR,Africa,Country,BEN,Benin,Year,2000,false,,,,,,,,,,,,,86,,,42,,147,86 [42 – 147],,,EN,2021-10-11T11:00:00.000Z
MDG_0000000020,Incidence of tuberculosis (per 100 000 population per year),text,EUR,Europe,Country,LTU,Lithuania,Year,2000,false,,,,,,,,,,,,,87,,,75,,101,87 [75 – 101],,,EN,2021-10-11T11:00:00.000Z
MDG_0000000020,Incidence of tuberculosis (per 100 000 population per year),text,EUR,Europe,Country,NLD,Netherlands,Year,2000,false,,,,,,,,,,,,,9,,,7.7,,10,9 [7.7 – 10],,,EN,2021-10-11T11:00:00.000Z
MDG_0000000020,Incidence of tuberculosis (per 100 000 population per year),text,EUR,Europe,Country,CHE,Switzerland,Year,2000,false,,,,,,,,,,,,,9.3,,,7.9,,11,9.3 [7.9 – 11],,,EN,2021-10-11T11:00:00.000Z
MDG_0000000020,Incidence of tuberculosis (per 100 000 population per year),text,WPR,Western Pacific,Country,SLB,Solomon Islands,Year,2000,false,,,,,,,,,,,,,91,,,63,,126,91 [63 – 126],,,EN,2021-10-11T11:00:00.000Z
MDG_0000000020,Incidence of tuberculosis (per 100 000 population per year),text,AFR,Africa,Country,BWA,Botswana,Year,2000,false,,,,,,,,,,,,,914,,,101,,2590,"914 [101 – 2,590]",,,EN,2021-10-11T11:00:00.000Z
MDG_0000000020,Incidence of tuberculosis (per 100 000 population per year),text,EUR,Europe,Country,RUS,Russian Federation,Year,2000,false,,,,,,,,,,,,,95,,,38,,178,95 [38 – 178],,,EN,2021-10-11T11:00:00.000Z
MDG_0000000020,Incidence of tuberculosis (per 100 000 population per year),text,AFR,Africa,Country,RWA,Rwanda,Year,2000,false,,,,,,,,,,,,,96,,,60,,140,96 [60 – 140],,,EN,2021-10-11T11:00:00.000Z
MDG_0000000020,Incidence of tuberculosis (per 100 000 population per year),text,EUR,Europe,Country,LVA,Latvia,Year,2000,false,,,,,,,,,,,,,96,,,82,,110,96 [82 – 110],,,EN,2021-10-11T11:00:00.000Z
MDG_0000000020,Incidence of tuberculosis (per 100 000 population per year),text,AFR,Africa,Country,SWZ,Eswatini,Year,2000,false,,,,,,,,,,,,,981,,,205,,2340,"981 [205 – 2,340]",,,EN,2021-10-11T11:00:00.000Z
MDG_0000000020,Incidence of tuberculosis (per 100 000 population per year),text,AFR,Africa,Country,NAM,Namibia,Year,2000,false,,,,,,,,,,,,,985,,,469,,1690,"985 [469 – 1,690]",,,EN,2021-10-11T11:00:00.000Z
MDG_0000000020,Incidence of tuberculosis (per 100 000 population per year),text,EUR,Europe,Country,UZB,Uzbekistan,Year,2000,false,,,,,,,,,,,,,99,,,50,,163,99 [50 – 163],,,EN,2021-10-11T11:00:00.000Z
